_time,Amount of Users Detected
2020-02-01T00:00:00.000+1100,19
2020-02-01T00:30:00.000+1100,12
2020-02-01T01:00:00.000+1100,44
2020-02-01T01:30:00.000+1100,8
2020-02-01T02:00:00.000+1100,7
2020-02-01T02:30:00.000+1100,6
2020-02-01T03:00:00.000+1100,6
2020-02-01T03:30:00.000+1100,7
2020-02-01T04:00:00.000+1100,52
2020-02-01T04:30:00.000+1100,14
2020-02-01T05:00:00.000+1100,5
2020-02-01T05:30:00.000+1100,6
2020-02-01T06:00:00.000+1100,25
2020-02-01T06:30:00.000+1100,7
2020-02-01T07:00:00.000+1100,12
2020-02-01T07:30:00.000+1100,7
2020-02-01T08:00:00.000+1100,9
2020-02-01T08:30:00.000+1100,17
2020-02-01T09:00:00.000+1100,11
2020-02-01T09:30:00.000+1100,19
2020-02-01T10:00:00.000+1100,16
2020-02-01T10:30:00.000+1100,12
2020-02-01T11:00:00.000+1100,15
2020-02-01T11:30:00.000+1100,23
2020-02-01T12:00:00.000+1100,22
2020-02-01T12:30:00.000+1100,22
2020-02-01T13:00:00.000+1100,22
2020-02-01T13:30:00.000+1100,23
2020-02-01T14:00:00.000+1100,30
2020-02-01T14:30:00.000+1100,28
2020-02-01T15:00:00.000+1100,26
2020-02-01T15:30:00.000+1100,24
2020-02-01T16:00:00.000+1100,15
2020-02-01T16:30:00.000+1100,18
2020-02-01T17:00:00.000+1100,15
2020-02-01T17:30:00.000+1100,5
2020-02-01T18:00:00.000+1100,6
2020-02-01T18:30:00.000+1100,7
2020-02-01T19:00:00.000+1100,7
2020-02-01T19:30:00.000+1100,5
2020-02-01T20:00:00.000+1100,5
2020-02-01T20:30:00.000+1100,6
2020-02-01T21:00:00.000+1100,5
2020-02-01T21:30:00.000+1100,5
2020-02-01T22:00:00.000+1100,6
2020-02-01T22:30:00.000+1100,5
2020-02-01T23:00:00.000+1100,6
2020-02-01T23:30:00.000+1100,5
2020-02-02T00:00:00.000+1100,15
2020-02-02T00:30:00.000+1100,19
2020-02-02T01:00:00.000+1100,42
2020-02-02T01:30:00.000+1100,19
2020-02-02T02:00:00.000+1100,7
2020-02-02T02:30:00.000+1100,6
2020-02-02T03:00:00.000+1100,7
2020-02-02T03:30:00.000+1100,7
2020-02-02T04:00:00.000+1100,58
2020-02-02T04:30:00.000+1100,47
2020-02-02T05:00:00.000+1100,3
2020-02-02T05:30:00.000+1100,4
2020-02-02T06:00:00.000+1100,154
2020-02-02T06:30:00.000+1100,7
2020-02-02T07:00:00.000+1100,128
2020-02-02T07:30:00.000+1100,130
2020-02-02T08:00:00.000+1100,71
2020-02-02T08:30:00.000+1100,67
2020-02-02T09:00:00.000+1100,130
2020-02-02T09:30:00.000+1100,16
2020-02-02T10:00:00.000+1100,6
2020-02-02T10:30:00.000+1100,7
2020-02-02T11:00:00.000+1100,8
2020-02-02T11:30:00.000+1100,66
2020-02-02T12:00:00.000+1100,16
2020-02-02T12:30:00.000+1100,59
2020-02-02T13:00:00.000+1100,7
2020-02-02T13:30:00.000+1100,24
2020-02-02T14:00:00.000+1100,27
2020-02-02T14:30:00.000+1100,8
2020-02-02T15:00:00.000+1100,9
2020-02-02T15:30:00.000+1100,9
2020-02-02T16:00:00.000+1100,6
2020-02-02T16:30:00.000+1100,8
2020-02-02T17:00:00.000+1100,5
2020-02-02T17:30:00.000+1100,8
2020-02-02T18:00:00.000+1100,11
2020-02-02T18:30:00.000+1100,9
2020-02-02T19:00:00.000+1100,6
2020-02-02T19:30:00.000+1100,7
2020-02-02T20:00:00.000+1100,6
2020-02-02T20:30:00.000+1100,7
2020-02-02T21:00:00.000+1100,7
2020-02-02T21:30:00.000+1100,5
2020-02-02T22:00:00.000+1100,6
2020-02-02T22:30:00.000+1100,5
2020-02-02T23:00:00.000+1100,8
2020-02-02T23:30:00.000+1100,5
2020-02-03T00:00:00.000+1100,46
2020-02-03T00:30:00.000+1100,18
2020-02-03T01:00:00.000+1100,56
2020-02-03T01:30:00.000+1100,12
2020-02-03T02:00:00.000+1100,8
2020-02-03T02:30:00.000+1100,11
2020-02-03T03:00:00.000+1100,12
2020-02-03T03:30:00.000+1100,21
2020-02-03T04:00:00.000+1100,56
2020-02-03T04:30:00.000+1100,27
2020-02-03T05:00:00.000+1100,25
2020-02-03T05:30:00.000+1100,17
2020-02-03T06:00:00.000+1100,44
2020-02-03T06:30:00.000+1100,24
2020-02-03T07:00:00.000+1100,43
2020-02-03T07:30:00.000+1100,57
2020-02-03T08:00:00.000+1100,187
2020-02-03T08:30:00.000+1100,301
2020-02-03T09:00:00.000+1100,581
2020-02-03T09:30:00.000+1100,594
2020-02-03T10:00:00.000+1100,683
2020-02-03T10:30:00.000+1100,642
2020-02-03T11:00:00.000+1100,620
2020-02-03T11:30:00.000+1100,622
2020-02-03T12:00:00.000+1100,687
2020-02-03T12:30:00.000+1100,590
2020-02-03T13:00:00.000+1100,647
2020-02-03T13:30:00.000+1100,557
2020-02-03T14:00:00.000+1100,580
2020-02-03T14:30:00.000+1100,550
2020-02-03T15:00:00.000+1100,547
2020-02-03T15:30:00.000+1100,482
2020-02-03T16:00:00.000+1100,425
2020-02-03T16:30:00.000+1100,332
2020-02-03T17:00:00.000+1100,157
2020-02-03T17:30:00.000+1100,60
2020-02-03T18:00:00.000+1100,59
2020-02-03T18:30:00.000+1100,28
2020-02-03T19:00:00.000+1100,50
2020-02-03T19:30:00.000+1100,8
2020-02-03T20:00:00.000+1100,9
2020-02-03T20:30:00.000+1100,11
2020-02-03T21:00:00.000+1100,11
2020-02-03T21:30:00.000+1100,7
2020-02-03T22:00:00.000+1100,11
2020-02-03T22:30:00.000+1100,8
2020-02-03T23:00:00.000+1100,10
2020-02-03T23:30:00.000+1100,10
2020-02-04T00:00:00.000+1100,26
2020-02-04T00:30:00.000+1100,9
2020-02-04T01:00:00.000+1100,47
2020-02-04T01:30:00.000+1100,13
2020-02-04T02:00:00.000+1100,21
2020-02-04T02:30:00.000+1100,8
2020-02-04T03:00:00.000+1100,11
2020-02-04T03:30:00.000+1100,23
2020-02-04T04:00:00.000+1100,108
2020-02-04T04:30:00.000+1100,10
2020-02-04T05:00:00.000+1100,7
2020-02-04T05:30:00.000+1100,6
2020-02-04T06:00:00.000+1100,41
2020-02-04T06:30:00.000+1100,19
2020-02-04T07:00:00.000+1100,26
2020-02-04T07:30:00.000+1100,41
2020-02-04T08:00:00.000+1100,152
2020-02-04T08:30:00.000+1100,214
2020-02-04T09:00:00.000+1100,312
2020-02-04T09:30:00.000+1100,309
2020-02-04T10:00:00.000+1100,259
2020-02-04T10:30:00.000+1100,246
2020-02-04T11:00:00.000+1100,269
2020-02-04T11:30:00.000+1100,361
2020-02-04T12:00:00.000+1100,349
2020-02-04T12:30:00.000+1100,341
2020-02-04T13:00:00.000+1100,329
2020-02-04T13:30:00.000+1100,346
2020-02-04T14:00:00.000+1100,312
2020-02-04T14:30:00.000+1100,322
2020-02-04T15:00:00.000+1100,243
2020-02-04T15:30:00.000+1100,267
2020-02-04T16:00:00.000+1100,196
2020-02-04T16:30:00.000+1100,145
2020-02-04T17:00:00.000+1100,117
2020-02-04T17:30:00.000+1100,94
2020-02-04T18:00:00.000+1100,38
2020-02-04T18:30:00.000+1100,54
2020-02-04T19:00:00.000+1100,17
2020-02-04T19:30:00.000+1100,14
2020-02-04T20:00:00.000+1100,15
2020-02-04T20:30:00.000+1100,6
2020-02-04T21:00:00.000+1100,10
2020-02-04T21:30:00.000+1100,11
2020-02-04T22:00:00.000+1100,11
2020-02-04T22:30:00.000+1100,5
2020-02-04T23:00:00.000+1100,18
2020-02-04T23:30:00.000+1100,6
2020-02-05T00:00:00.000+1100,128
2020-02-05T00:30:00.000+1100,55
2020-02-05T01:00:00.000+1100,42
2020-02-05T01:30:00.000+1100,473
2020-02-05T02:00:00.000+1100,6
2020-02-05T02:30:00.000+1100,474
2020-02-05T03:00:00.000+1100,8
2020-02-05T03:30:00.000+1100,688
2020-02-05T04:00:00.000+1100,42
2020-02-05T04:30:00.000+1100,376
2020-02-05T05:00:00.000+1100,5
2020-02-05T05:30:00.000+1100,515
2020-02-05T06:00:00.000+1100,671
2020-02-05T06:30:00.000+1100,741
2020-02-05T07:00:00.000+1100,637
2020-02-05T07:30:00.000+1100,776
2020-02-05T08:00:00.000+1100,474
2020-02-05T08:30:00.000+1100,282
2020-02-05T09:00:00.000+1100,668
2020-02-05T09:30:00.000+1100,813
2020-02-05T10:00:00.000+1100,614
2020-02-05T10:30:00.000+1100,94
2020-02-05T11:00:00.000+1100,81
2020-02-05T11:30:00.000+1100,152
2020-02-05T12:00:00.000+1100,184
2020-02-05T12:30:00.000+1100,162
2020-02-05T13:00:00.000+1100,188
2020-02-05T13:30:00.000+1100,164
2020-02-05T14:00:00.000+1100,150
2020-02-05T14:30:00.000+1100,75
2020-02-05T15:00:00.000+1100,107
2020-02-05T15:30:00.000+1100,130
2020-02-05T16:00:00.000+1100,117
2020-02-05T16:30:00.000+1100,130
2020-02-05T17:00:00.000+1100,104
2020-02-05T17:30:00.000+1100,48
2020-02-05T18:00:00.000+1100,39
2020-02-05T18:30:00.000+1100,17
2020-02-05T19:00:00.000+1100,17
2020-02-05T19:30:00.000+1100,9
2020-02-05T20:00:00.000+1100,5
2020-02-05T20:30:00.000+1100,10
2020-02-05T21:00:00.000+1100,4
2020-02-05T21:30:00.000+1100,6
2020-02-05T22:00:00.000+1100,4
2020-02-05T22:30:00.000+1100,5
2020-02-05T23:00:00.000+1100,4
2020-02-05T23:30:00.000+1100,4
2020-02-06T00:00:00.000+1100,174
2020-02-06T00:30:00.000+1100,21
2020-02-06T01:00:00.000+1100,178
2020-02-06T01:30:00.000+1100,9
2020-02-06T02:00:00.000+1100,272
2020-02-06T02:30:00.000+1100,5
2020-02-06T03:00:00.000+1100,22
2020-02-06T03:30:00.000+1100,7
2020-02-06T04:00:00.000+1100,88
2020-02-06T04:30:00.000+1100,51
2020-02-06T05:00:00.000+1100,219
2020-02-06T05:30:00.000+1100,336
2020-02-06T06:00:00.000+1100,355
2020-02-06T06:30:00.000+1100,375
2020-02-06T07:00:00.000+1100,477
2020-02-06T07:30:00.000+1100,480
2020-02-06T08:00:00.000+1100,81
2020-02-06T08:30:00.000+1100,259
2020-02-06T09:00:00.000+1100,580
2020-02-06T09:30:00.000+1100,493
2020-02-06T10:00:00.000+1100,362
2020-02-06T10:30:00.000+1100,97
2020-02-06T11:00:00.000+1100,101
2020-02-06T11:30:00.000+1100,97
2020-02-06T12:00:00.000+1100,459
2020-02-06T12:30:00.000+1100,163
2020-02-06T13:00:00.000+1100,111
2020-02-06T13:30:00.000+1100,159
2020-02-06T14:00:00.000+1100,120
2020-02-06T14:30:00.000+1100,76
2020-02-06T15:00:00.000+1100,105
2020-02-06T15:30:00.000+1100,133
2020-02-06T16:00:00.000+1100,104
2020-02-06T16:30:00.000+1100,116
2020-02-06T17:00:00.000+1100,91
2020-02-06T17:30:00.000+1100,57
2020-02-06T18:00:00.000+1100,39
2020-02-06T18:30:00.000+1100,11
2020-02-06T19:00:00.000+1100,46
2020-02-06T19:30:00.000+1100,9
2020-02-06T20:00:00.000+1100,14
2020-02-06T20:30:00.000+1100,7
2020-02-06T21:00:00.000+1100,5
2020-02-06T21:30:00.000+1100,4
2020-02-06T22:00:00.000+1100,3
2020-02-06T22:30:00.000+1100,5
2020-02-06T23:00:00.000+1100,5
2020-02-06T23:30:00.000+1100,8
2020-02-07T00:00:00.000+1100,25
2020-02-07T00:30:00.000+1100,36
2020-02-07T01:00:00.000+1100,93
2020-02-07T01:30:00.000+1100,30
2020-02-07T02:00:00.000+1100,7
2020-02-07T02:30:00.000+1100,28
2020-02-07T03:00:00.000+1100,13
2020-02-07T03:30:00.000+1100,9
2020-02-07T04:00:00.000+1100,46
2020-02-07T04:30:00.000+1100,83
2020-02-07T05:00:00.000+1100,7
2020-02-07T05:30:00.000+1100,20
2020-02-07T06:00:00.000+1100,123
2020-02-07T06:30:00.000+1100,13
2020-02-07T07:00:00.000+1100,32
2020-02-07T07:30:00.000+1100,101
2020-02-07T08:00:00.000+1100,131
2020-02-07T08:30:00.000+1100,136
2020-02-07T09:00:00.000+1100,79
2020-02-07T09:30:00.000+1100,111
2020-02-07T10:00:00.000+1100,59
2020-02-07T10:30:00.000+1100,43
2020-02-07T11:00:00.000+1100,52
2020-02-07T11:30:00.000+1100,78
2020-02-07T12:00:00.000+1100,104
2020-02-07T12:30:00.000+1100,75
2020-02-07T13:00:00.000+1100,135
2020-02-07T13:30:00.000+1100,76
2020-02-07T14:00:00.000+1100,55
2020-02-07T14:30:00.000+1100,53
2020-02-07T15:00:00.000+1100,63
2020-02-07T15:30:00.000+1100,109
2020-02-07T16:00:00.000+1100,64
2020-02-07T16:30:00.000+1100,66
2020-02-07T17:00:00.000+1100,48
2020-02-07T17:30:00.000+1100,42
2020-02-07T18:00:00.000+1100,17
2020-02-07T18:30:00.000+1100,18
2020-02-07T19:00:00.000+1100,7
2020-02-07T19:30:00.000+1100,4
2020-02-07T20:00:00.000+1100,4
2020-02-07T20:30:00.000+1100,4
2020-02-07T21:00:00.000+1100,5
2020-02-07T21:30:00.000+1100,3
2020-02-07T22:00:00.000+1100,3
2020-02-07T22:30:00.000+1100,3
2020-02-07T23:00:00.000+1100,4
2020-02-07T23:30:00.000+1100,4
2020-02-08T00:00:00.000+1100,10
2020-02-08T00:30:00.000+1100,9
2020-02-08T01:00:00.000+1100,43
2020-02-08T01:30:00.000+1100,3
2020-02-08T02:00:00.000+1100,3
2020-02-08T02:30:00.000+1100,4
2020-02-08T03:00:00.000+1100,3
2020-02-08T03:30:00.000+1100,4
2020-02-08T04:00:00.000+1100,65
2020-02-08T04:30:00.000+1100,10
2020-02-08T05:00:00.000+1100,1
2020-02-08T05:30:00.000+1100,3
2020-02-08T06:00:00.000+1100,36
2020-02-08T06:30:00.000+1100,6
2020-02-08T07:00:00.000+1100,20
2020-02-08T07:30:00.000+1100,15
2020-02-08T08:00:00.000+1100,4
2020-02-08T08:30:00.000+1100,5
2020-02-08T09:00:00.000+1100,8
2020-02-08T09:30:00.000+1100,11
2020-02-08T10:00:00.000+1100,19
2020-02-08T10:30:00.000+1100,10
2020-02-08T11:00:00.000+1100,5
2020-02-08T11:30:00.000+1100,22
2020-02-08T12:00:00.000+1100,27
2020-02-08T12:30:00.000+1100,16
2020-02-08T13:00:00.000+1100,20
2020-02-08T13:30:00.000+1100,31
2020-02-08T14:00:00.000+1100,38
2020-02-08T14:30:00.000+1100,22
2020-02-08T15:00:00.000+1100,22
2020-02-08T15:30:00.000+1100,27
2020-02-08T16:00:00.000+1100,20
2020-02-08T16:30:00.000+1100,2
2020-02-08T17:00:00.000+1100,17
2020-02-08T17:30:00.000+1100,16
2020-02-08T18:00:00.000+1100,17
2020-02-08T18:30:00.000+1100,14
2020-02-08T19:00:00.000+1100,7
2020-02-08T19:30:00.000+1100,7
2020-02-08T20:00:00.000+1100,8
2020-02-08T20:30:00.000+1100,4
2020-02-08T21:00:00.000+1100,5
2020-02-08T21:30:00.000+1100,4
2020-02-08T22:00:00.000+1100,5
2020-02-08T22:30:00.000+1100,4
2020-02-08T23:00:00.000+1100,4
2020-02-08T23:30:00.000+1100,5
2020-02-09T00:00:00.000+1100,24
2020-02-09T00:30:00.000+1100,85
2020-02-09T01:00:00.000+1100,42
2020-02-09T01:30:00.000+1100,4
2020-02-09T02:00:00.000+1100,4
2020-02-09T02:30:00.000+1100,4
2020-02-09T03:00:00.000+1100,5
2020-02-09T03:30:00.000+1100,6
2020-02-09T04:00:00.000+1100,36
2020-02-09T04:30:00.000+1100,42
2020-02-09T05:00:00.000+1100,12
2020-02-09T05:30:00.000+1100,5
2020-02-09T06:00:00.000+1100,45
2020-02-09T06:30:00.000+1100,18
2020-02-09T07:00:00.000+1100,8
2020-02-09T07:30:00.000+1100,22
2020-02-09T08:00:00.000+1100,9
2020-02-09T08:30:00.000+1100,14
2020-02-09T09:00:00.000+1100,8
2020-02-09T09:30:00.000+1100,8
2020-02-09T10:00:00.000+1100,26
2020-02-09T10:30:00.000+1100,5
2020-02-09T11:00:00.000+1100,7
2020-02-09T11:30:00.000+1100,4
2020-02-09T12:00:00.000+1100,23
2020-02-09T12:30:00.000+1100,5
2020-02-09T13:00:00.000+1100,5
2020-02-09T13:30:00.000+1100,8
2020-02-09T14:00:00.000+1100,12
2020-02-09T14:30:00.000+1100,7
2020-02-09T15:00:00.000+1100,6
2020-02-09T15:30:00.000+1100,8
2020-02-09T16:00:00.000+1100,6
2020-02-09T16:30:00.000+1100,5
2020-02-09T17:00:00.000+1100,67
2020-02-09T17:30:00.000+1100,6
2020-02-09T18:00:00.000+1100,5
2020-02-09T18:30:00.000+1100,4
2020-02-09T19:00:00.000+1100,4
2020-02-09T19:30:00.000+1100,4
2020-02-09T20:00:00.000+1100,5
2020-02-09T20:30:00.000+1100,6
2020-02-09T21:00:00.000+1100,4
2020-02-09T21:30:00.000+1100,4
2020-02-09T22:00:00.000+1100,4
2020-02-09T22:30:00.000+1100,4
2020-02-09T23:00:00.000+1100,4
2020-02-09T23:30:00.000+1100,5
2020-02-10T00:00:00.000+1100,109
2020-02-10T00:30:00.000+1100,28
2020-02-10T01:00:00.000+1100,129
2020-02-10T01:30:00.000+1100,110
2020-02-10T02:00:00.000+1100,4
2020-02-10T02:30:00.000+1100,9
2020-02-10T03:00:00.000+1100,4
2020-02-10T03:30:00.000+1100,19
2020-02-10T04:00:00.000+1100,34
2020-02-10T04:30:00.000+1100,49
2020-02-10T05:00:00.000+1100,7
2020-02-10T05:30:00.000+1100,4
2020-02-10T06:00:00.000+1100,32
2020-02-10T06:30:00.000+1100,10
2020-02-10T07:00:00.000+1100,23
2020-02-10T07:30:00.000+1100,43
2020-02-10T08:00:00.000+1100,92
2020-02-10T08:30:00.000+1100,157
2020-02-10T09:00:00.000+1100,88
2020-02-10T09:30:00.000+1100,83
2020-02-10T10:00:00.000+1100,87
2020-02-10T10:30:00.000+1100,99
2020-02-10T11:00:00.000+1100,100
2020-02-10T11:30:00.000+1100,93
2020-02-10T12:00:00.000+1100,120
2020-02-10T12:30:00.000+1100,126
2020-02-10T13:00:00.000+1100,138
2020-02-10T13:30:00.000+1100,134
2020-02-10T14:00:00.000+1100,121
2020-02-10T14:30:00.000+1100,148
2020-02-10T15:00:00.000+1100,125
2020-02-10T15:30:00.000+1100,122
2020-02-10T16:00:00.000+1100,137
2020-02-10T16:30:00.000+1100,81
2020-02-10T17:00:00.000+1100,122
2020-02-10T17:30:00.000+1100,62
2020-02-10T18:00:00.000+1100,45
2020-02-10T18:30:00.000+1100,32
2020-02-10T19:00:00.000+1100,9
2020-02-10T19:30:00.000+1100,7
2020-02-10T20:00:00.000+1100,5
2020-02-10T20:30:00.000+1100,4
2020-02-10T21:00:00.000+1100,3
2020-02-10T21:30:00.000+1100,5
2020-02-10T22:00:00.000+1100,4
2020-02-10T22:30:00.000+1100,4
2020-02-10T23:00:00.000+1100,4
2020-02-10T23:30:00.000+1100,4
2020-02-11T00:00:00.000+1100,374
2020-02-11T00:30:00.000+1100,184
2020-02-11T01:00:00.000+1100,81
2020-02-11T01:30:00.000+1100,114
2020-02-11T02:00:00.000+1100,3
2020-02-11T02:30:00.000+1100,4
2020-02-11T03:00:00.000+1100,3
2020-02-11T03:30:00.000+1100,5
2020-02-11T04:00:00.000+1100,17
2020-02-11T04:30:00.000+1100,19
2020-02-11T05:00:00.000+1100,6
2020-02-11T05:30:00.000+1100,3
2020-02-11T06:00:00.000+1100,64
2020-02-11T06:30:00.000+1100,6
2020-02-11T07:00:00.000+1100,14
2020-02-11T07:30:00.000+1100,64
2020-02-11T08:00:00.000+1100,91
2020-02-11T08:30:00.000+1100,106
2020-02-11T09:00:00.000+1100,126
2020-02-11T09:30:00.000+1100,279
2020-02-11T10:00:00.000+1100,189
2020-02-11T10:30:00.000+1100,192
2020-02-11T11:00:00.000+1100,227
2020-02-11T11:30:00.000+1100,215
2020-02-11T12:00:00.000+1100,199
2020-02-11T12:30:00.000+1100,140
2020-02-11T13:00:00.000+1100,222
2020-02-11T13:30:00.000+1100,169
2020-02-11T14:00:00.000+1100,194
2020-02-11T14:30:00.000+1100,202
2020-02-11T15:00:00.000+1100,202
2020-02-11T15:30:00.000+1100,197
2020-02-11T16:00:00.000+1100,163
2020-02-11T16:30:00.000+1100,139
2020-02-11T17:00:00.000+1100,98
2020-02-11T17:30:00.000+1100,90
2020-02-11T18:00:00.000+1100,29
2020-02-11T18:30:00.000+1100,21
2020-02-11T19:00:00.000+1100,17
2020-02-11T19:30:00.000+1100,6
2020-02-11T20:00:00.000+1100,9
2020-02-11T20:30:00.000+1100,5
2020-02-11T21:00:00.000+1100,5
2020-02-11T21:30:00.000+1100,7
2020-02-11T22:00:00.000+1100,4
2020-02-11T22:30:00.000+1100,5
2020-02-11T23:00:00.000+1100,4
2020-02-11T23:30:00.000+1100,5
2020-02-12T00:00:00.000+1100,143
2020-02-12T00:30:00.000+1100,29
2020-02-12T01:00:00.000+1100,192
2020-02-12T01:30:00.000+1100,171
2020-02-12T02:00:00.000+1100,140
2020-02-12T02:30:00.000+1100,84
2020-02-12T03:00:00.000+1100,4
2020-02-12T03:30:00.000+1100,6
2020-02-12T04:00:00.000+1100,46
2020-02-12T04:30:00.000+1100,11
2020-02-12T05:00:00.000+1100,4
2020-02-12T05:30:00.000+1100,4
2020-02-12T06:00:00.000+1100,89
2020-02-12T06:30:00.000+1100,12
2020-02-12T07:00:00.000+1100,19
2020-02-12T07:30:00.000+1100,42
2020-02-12T08:00:00.000+1100,99
2020-02-12T08:30:00.000+1100,131
2020-02-12T09:00:00.000+1100,258
2020-02-12T09:30:00.000+1100,339
2020-02-12T10:00:00.000+1100,363
2020-02-12T10:30:00.000+1100,411
2020-02-12T11:00:00.000+1100,269
2020-02-12T11:30:00.000+1100,279
2020-02-12T12:00:00.000+1100,221
2020-02-12T12:30:00.000+1100,254
2020-02-12T13:00:00.000+1100,255
2020-02-12T13:30:00.000+1100,215
2020-02-12T14:00:00.000+1100,57
2020-02-12T14:30:00.000+1100,210
2020-02-12T15:00:00.000+1100,120
2020-02-12T15:30:00.000+1100,126
2020-02-12T16:00:00.000+1100,94
2020-02-12T16:30:00.000+1100,114
2020-02-12T17:00:00.000+1100,64
2020-02-12T17:30:00.000+1100,46
2020-02-12T18:00:00.000+1100,28
2020-02-12T18:30:00.000+1100,13
2020-02-12T19:00:00.000+1100,13
2020-02-12T19:30:00.000+1100,9
2020-02-12T20:00:00.000+1100,9
2020-02-12T20:30:00.000+1100,5
2020-02-12T21:00:00.000+1100,6
2020-02-12T21:30:00.000+1100,4
2020-02-12T22:00:00.000+1100,5
2020-02-12T22:30:00.000+1100,5
2020-02-12T23:00:00.000+1100,5
2020-02-12T23:30:00.000+1100,4
2020-02-13T00:00:00.000+1100,80
2020-02-13T00:30:00.000+1100,65
2020-02-13T01:00:00.000+1100,86
2020-02-13T01:30:00.000+1100,15
2020-02-13T02:00:00.000+1100,6
2020-02-13T02:30:00.000+1100,5
2020-02-13T03:00:00.000+1100,5
2020-02-13T03:30:00.000+1100,7
2020-02-13T04:00:00.000+1100,63
2020-02-13T04:30:00.000+1100,78
2020-02-13T05:00:00.000+1100,3
2020-02-13T05:30:00.000+1100,3
2020-02-13T06:00:00.000+1100,62
2020-02-13T06:30:00.000+1100,34
2020-02-13T07:00:00.000+1100,13
2020-02-13T07:30:00.000+1100,76
2020-02-13T08:00:00.000+1100,111
2020-02-13T08:30:00.000+1100,96
2020-02-13T09:00:00.000+1100,107
2020-02-13T09:30:00.000+1100,154
2020-02-13T10:00:00.000+1100,95
2020-02-13T10:30:00.000+1100,89
2020-02-13T11:00:00.000+1100,114
2020-02-13T11:30:00.000+1100,136
2020-02-13T12:00:00.000+1100,139
2020-02-13T12:30:00.000+1100,93
2020-02-13T13:00:00.000+1100,138
2020-02-13T13:30:00.000+1100,159
2020-02-13T14:00:00.000+1100,140
2020-02-13T14:30:00.000+1100,132
2020-02-13T15:00:00.000+1100,140
2020-02-13T15:30:00.000+1100,158
2020-02-13T16:00:00.000+1100,106
2020-02-13T16:30:00.000+1100,134
2020-02-13T17:00:00.000+1100,123
2020-02-13T17:30:00.000+1100,91
2020-02-13T18:00:00.000+1100,93
2020-02-13T18:30:00.000+1100,67
2020-02-13T19:00:00.000+1100,64
2020-02-13T19:30:00.000+1100,58
2020-02-13T20:00:00.000+1100,49
2020-02-13T20:30:00.000+1100,59
2020-02-13T21:00:00.000+1100,36
2020-02-13T21:30:00.000+1100,17
2020-02-13T22:00:00.000+1100,5
2020-02-13T22:30:00.000+1100,5
2020-02-13T23:00:00.000+1100,8
2020-02-13T23:30:00.000+1100,5
2020-02-14T00:00:00.000+1100,38
2020-02-14T00:30:00.000+1100,7
2020-02-14T01:00:00.000+1100,91
2020-02-14T01:30:00.000+1100,6
2020-02-14T02:00:00.000+1100,5
2020-02-14T02:30:00.000+1100,6
2020-02-14T03:00:00.000+1100,5
2020-02-14T03:30:00.000+1100,5
2020-02-14T04:00:00.000+1100,49
2020-02-14T04:30:00.000+1100,7
2020-02-14T05:00:00.000+1100,8
2020-02-14T05:30:00.000+1100,9
2020-02-14T06:00:00.000+1100,146
2020-02-14T06:30:00.000+1100,26
2020-02-14T07:00:00.000+1100,18
2020-02-14T07:30:00.000+1100,41
2020-02-14T08:00:00.000+1100,97
2020-02-14T08:30:00.000+1100,105
2020-02-14T09:00:00.000+1100,207
2020-02-14T09:30:00.000+1100,211
2020-02-14T10:00:00.000+1100,232
2020-02-14T10:30:00.000+1100,174
2020-02-14T11:00:00.000+1100,218
2020-02-14T11:30:00.000+1100,212
2020-02-14T12:00:00.000+1100,278
2020-02-14T12:30:00.000+1100,264
2020-02-14T13:00:00.000+1100,209
2020-02-14T13:30:00.000+1100,189
2020-02-14T14:00:00.000+1100,170
2020-02-14T14:30:00.000+1100,187
2020-02-14T15:00:00.000+1100,124
2020-02-14T15:30:00.000+1100,54
2020-02-14T16:00:00.000+1100,75
2020-02-14T16:30:00.000+1100,63
2020-02-14T17:00:00.000+1100,55
2020-02-14T17:30:00.000+1100,43
2020-02-14T18:00:00.000+1100,24
2020-02-14T18:30:00.000+1100,14
2020-02-14T19:00:00.000+1100,10
2020-02-14T19:30:00.000+1100,8
2020-02-14T20:00:00.000+1100,10
2020-02-14T20:30:00.000+1100,22
2020-02-14T21:00:00.000+1100,6
2020-02-14T21:30:00.000+1100,6
2020-02-14T22:00:00.000+1100,6
2020-02-14T22:30:00.000+1100,8
2020-02-14T23:00:00.000+1100,5
2020-02-14T23:30:00.000+1100,5
2020-02-15T00:00:00.000+1100,19
2020-02-15T00:30:00.000+1100,33
2020-02-15T01:00:00.000+1100,46
2020-02-15T01:30:00.000+1100,5
2020-02-15T02:00:00.000+1100,13
2020-02-15T02:30:00.000+1100,11
2020-02-15T03:00:00.000+1100,4
2020-02-15T03:30:00.000+1100,4
2020-02-15T04:00:00.000+1100,39
2020-02-15T04:30:00.000+1100,8
2020-02-15T05:00:00.000+1100,2
2020-02-15T05:30:00.000+1100,2
2020-02-15T06:00:00.000+1100,15
2020-02-15T06:30:00.000+1100,12
2020-02-15T07:00:00.000+1100,23
2020-02-15T07:30:00.000+1100,24
2020-02-15T08:00:00.000+1100,23
2020-02-15T08:30:00.000+1100,7
2020-02-15T09:00:00.000+1100,30
2020-02-15T09:30:00.000+1100,10
2020-02-15T10:00:00.000+1100,95
2020-02-15T10:30:00.000+1100,6
2020-02-15T11:00:00.000+1100,4
2020-02-15T11:30:00.000+1100,15
2020-02-15T12:00:00.000+1100,6
2020-02-15T12:30:00.000+1100,6
2020-02-15T13:00:00.000+1100,17
2020-02-15T13:30:00.000+1100,25
2020-02-15T14:00:00.000+1100,22
2020-02-15T14:30:00.000+1100,24
2020-02-15T15:00:00.000+1100,22
2020-02-15T15:30:00.000+1100,22
2020-02-15T16:00:00.000+1100,16
2020-02-15T16:30:00.000+1100,20
2020-02-15T17:00:00.000+1100,12
2020-02-15T17:30:00.000+1100,0
2020-02-15T18:00:00.000+1100,8
2020-02-15T18:30:00.000+1100,6
2020-02-15T19:00:00.000+1100,9
2020-02-15T19:30:00.000+1100,5
2020-02-15T20:00:00.000+1100,6
2020-02-15T20:30:00.000+1100,5
2020-02-15T21:00:00.000+1100,6
2020-02-15T21:30:00.000+1100,5
2020-02-15T22:00:00.000+1100,5
2020-02-15T22:30:00.000+1100,5
2020-02-15T23:00:00.000+1100,6
2020-02-15T23:30:00.000+1100,6
2020-02-16T00:00:00.000+1100,32
2020-02-16T00:30:00.000+1100,82
2020-02-16T01:00:00.000+1100,53
2020-02-16T01:30:00.000+1100,6
2020-02-16T02:00:00.000+1100,16
2020-02-16T02:30:00.000+1100,5
2020-02-16T03:00:00.000+1100,6
2020-02-16T03:30:00.000+1100,6
2020-02-16T04:00:00.000+1100,38
2020-02-16T04:30:00.000+1100,7
2020-02-16T05:00:00.000+1100,16
2020-02-16T05:30:00.000+1100,2
2020-02-16T06:00:00.000+1100,67
2020-02-16T06:30:00.000+1100,16
2020-02-16T07:00:00.000+1100,84
2020-02-16T07:30:00.000+1100,11
2020-02-16T08:00:00.000+1100,6
2020-02-16T08:30:00.000+1100,11
2020-02-16T09:00:00.000+1100,110
2020-02-16T09:30:00.000+1100,50
2020-02-16T10:00:00.000+1100,12
2020-02-16T10:30:00.000+1100,7
2020-02-16T11:00:00.000+1100,5
2020-02-16T11:30:00.000+1100,11
2020-02-16T12:00:00.000+1100,9
2020-02-16T12:30:00.000+1100,11
2020-02-16T13:00:00.000+1100,8
2020-02-16T13:30:00.000+1100,7
2020-02-16T14:00:00.000+1100,12
2020-02-16T14:30:00.000+1100,16
2020-02-16T15:00:00.000+1100,17
2020-02-16T15:30:00.000+1100,16
2020-02-16T16:00:00.000+1100,12
2020-02-16T16:30:00.000+1100,10
2020-02-16T17:00:00.000+1100,13
2020-02-16T17:30:00.000+1100,7
2020-02-16T18:00:00.000+1100,12
2020-02-16T18:30:00.000+1100,9
2020-02-16T19:00:00.000+1100,6
2020-02-16T19:30:00.000+1100,8
2020-02-16T20:00:00.000+1100,9
2020-02-16T20:30:00.000+1100,15
2020-02-16T21:00:00.000+1100,6
2020-02-16T21:30:00.000+1100,7
2020-02-16T22:00:00.000+1100,6
2020-02-16T22:30:00.000+1100,6
2020-02-16T23:00:00.000+1100,5
2020-02-16T23:30:00.000+1100,6
2020-02-17T00:00:00.000+1100,84
2020-02-17T00:30:00.000+1100,168
2020-02-17T01:00:00.000+1100,46
2020-02-17T01:30:00.000+1100,9
2020-02-17T02:00:00.000+1100,5
2020-02-17T02:30:00.000+1100,7
2020-02-17T03:00:00.000+1100,30
2020-02-17T03:30:00.000+1100,8
2020-02-17T04:00:00.000+1100,41
2020-02-17T04:30:00.000+1100,63
2020-02-17T05:00:00.000+1100,6
2020-02-17T05:30:00.000+1100,3
2020-02-17T06:00:00.000+1100,134
2020-02-17T06:30:00.000+1100,10
2020-02-17T07:00:00.000+1100,9
2020-02-17T07:30:00.000+1100,35
2020-02-17T08:00:00.000+1100,61
2020-02-17T08:30:00.000+1100,107
2020-02-17T09:00:00.000+1100,171
2020-02-17T09:30:00.000+1100,195
2020-02-17T10:00:00.000+1100,229
2020-02-17T10:30:00.000+1100,196
2020-02-17T11:00:00.000+1100,256
2020-02-17T11:30:00.000+1100,280
2020-02-17T12:00:00.000+1100,324
2020-02-17T12:30:00.000+1100,293
2020-02-17T13:00:00.000+1100,244
2020-02-17T13:30:00.000+1100,256
2020-02-17T14:00:00.000+1100,211
2020-02-17T14:30:00.000+1100,199
2020-02-17T15:00:00.000+1100,202
2020-02-17T15:30:00.000+1100,185
2020-02-17T16:00:00.000+1100,188
2020-02-17T16:30:00.000+1100,132
2020-02-17T17:00:00.000+1100,160
2020-02-17T17:30:00.000+1100,118
2020-02-17T18:00:00.000+1100,35
2020-02-17T18:30:00.000+1100,39
2020-02-17T19:00:00.000+1100,13
2020-02-17T19:30:00.000+1100,10
2020-02-17T20:00:00.000+1100,13
2020-02-17T20:30:00.000+1100,13
2020-02-17T21:00:00.000+1100,8
2020-02-17T21:30:00.000+1100,7
2020-02-17T22:00:00.000+1100,8
2020-02-17T22:30:00.000+1100,8
2020-02-17T23:00:00.000+1100,8
2020-02-17T23:30:00.000+1100,7
2020-02-18T00:00:00.000+1100,15
2020-02-18T00:30:00.000+1100,6
2020-02-18T01:00:00.000+1100,14
2020-02-18T01:30:00.000+1100,6
2020-02-18T02:00:00.000+1100,6
2020-02-18T02:30:00.000+1100,8
2020-02-18T03:00:00.000+1100,72
2020-02-18T03:30:00.000+1100,11
2020-02-18T04:00:00.000+1100,27
2020-02-18T04:30:00.000+1100,5
2020-02-18T05:00:00.000+1100,4
2020-02-18T05:30:00.000+1100,5
2020-02-18T06:00:00.000+1100,10
2020-02-18T06:30:00.000+1100,16
2020-02-18T07:00:00.000+1100,10
2020-02-18T07:30:00.000+1100,32
2020-02-18T08:00:00.000+1100,46
2020-02-18T08:30:00.000+1100,67
2020-02-18T09:00:00.000+1100,168
2020-02-18T09:30:00.000+1100,202
2020-02-18T10:00:00.000+1100,206
2020-02-18T10:30:00.000+1100,170
2020-02-18T11:00:00.000+1100,236
2020-02-18T11:30:00.000+1100,266
2020-02-18T12:00:00.000+1100,276
2020-02-18T12:30:00.000+1100,258
2020-02-18T13:00:00.000+1100,184
2020-02-18T13:30:00.000+1100,181
2020-02-18T14:00:00.000+1100,194
2020-02-18T14:30:00.000+1100,172
2020-02-18T15:00:00.000+1100,173
2020-02-18T15:30:00.000+1100,189
2020-02-18T16:00:00.000+1100,202
2020-02-18T16:30:00.000+1100,135
2020-02-18T17:00:00.000+1100,171
2020-02-18T17:30:00.000+1100,141
2020-02-18T18:00:00.000+1100,119
2020-02-18T18:30:00.000+1100,117
2020-02-18T19:00:00.000+1100,40
2020-02-18T19:30:00.000+1100,14
2020-02-18T20:00:00.000+1100,8
2020-02-18T20:30:00.000+1100,11
2020-02-18T21:00:00.000+1100,12
2020-02-18T21:30:00.000+1100,13
2020-02-18T22:00:00.000+1100,8
2020-02-18T22:30:00.000+1100,6
2020-02-18T23:00:00.000+1100,7
2020-02-18T23:30:00.000+1100,5
2020-02-19T00:00:00.000+1100,11
2020-02-19T00:30:00.000+1100,9
2020-02-19T01:00:00.000+1100,46
2020-02-19T01:30:00.000+1100,17
2020-02-19T02:00:00.000+1100,8
2020-02-19T02:30:00.000+1100,22
2020-02-19T03:00:00.000+1100,26
2020-02-19T03:30:00.000+1100,11
2020-02-19T04:00:00.000+1100,112
2020-02-19T04:30:00.000+1100,10
2020-02-19T05:00:00.000+1100,5
2020-02-19T05:30:00.000+1100,71
2020-02-19T06:00:00.000+1100,37
2020-02-19T06:30:00.000+1100,30
2020-02-19T07:00:00.000+1100,18
2020-02-19T07:30:00.000+1100,33
2020-02-19T08:00:00.000+1100,54
2020-02-19T08:30:00.000+1100,50
2020-02-19T09:00:00.000+1100,157
2020-02-19T09:30:00.000+1100,155
2020-02-19T10:00:00.000+1100,170
2020-02-19T10:30:00.000+1100,181
2020-02-19T11:00:00.000+1100,214
2020-02-19T11:30:00.000+1100,184
2020-02-19T12:00:00.000+1100,240
2020-02-19T12:30:00.000+1100,124
2020-02-19T13:00:00.000+1100,141
2020-02-19T13:30:00.000+1100,202
2020-02-19T14:00:00.000+1100,158
2020-02-19T14:30:00.000+1100,144
2020-02-19T15:00:00.000+1100,161
2020-02-19T15:30:00.000+1100,171
2020-02-19T16:00:00.000+1100,142
2020-02-19T16:30:00.000+1100,157
2020-02-19T17:00:00.000+1100,85
2020-02-19T17:30:00.000+1100,58
2020-02-19T18:00:00.000+1100,48
2020-02-19T18:30:00.000+1100,27
2020-02-19T19:00:00.000+1100,12
2020-02-19T19:30:00.000+1100,7
2020-02-19T20:00:00.000+1100,43
2020-02-19T20:30:00.000+1100,11
2020-02-19T21:00:00.000+1100,9
2020-02-19T21:30:00.000+1100,9
2020-02-19T22:00:00.000+1100,7
2020-02-19T22:30:00.000+1100,6
2020-02-19T23:00:00.000+1100,5
2020-02-19T23:30:00.000+1100,8
2020-02-20T00:00:00.000+1100,42
2020-02-20T00:30:00.000+1100,71
2020-02-20T01:00:00.000+1100,51
2020-02-20T01:30:00.000+1100,80
2020-02-20T02:00:00.000+1100,35
2020-02-20T02:30:00.000+1100,8
2020-02-20T03:00:00.000+1100,5
2020-02-20T03:30:00.000+1100,38
2020-02-20T04:00:00.000+1100,48
2020-02-20T04:30:00.000+1100,126
2020-02-20T05:00:00.000+1100,3
2020-02-20T05:30:00.000+1100,40
2020-02-20T06:00:00.000+1100,123
2020-02-20T06:30:00.000+1100,9
2020-02-20T07:00:00.000+1100,13
2020-02-20T07:30:00.000+1100,31
2020-02-20T08:00:00.000+1100,50
2020-02-20T08:30:00.000+1100,137
2020-02-20T09:00:00.000+1100,154
2020-02-20T09:30:00.000+1100,211
2020-02-20T10:00:00.000+1100,202
2020-02-20T10:30:00.000+1100,227
2020-02-20T11:00:00.000+1100,187
2020-02-20T11:30:00.000+1100,209
2020-02-20T12:00:00.000+1100,198
2020-02-20T12:30:00.000+1100,211
2020-02-20T13:00:00.000+1100,199
2020-02-20T13:30:00.000+1100,184
2020-02-20T14:00:00.000+1100,178
2020-02-20T14:30:00.000+1100,178
2020-02-20T15:00:00.000+1100,169
2020-02-20T15:30:00.000+1100,155
2020-02-20T16:00:00.000+1100,71
2020-02-20T16:30:00.000+1100,49
2020-02-20T17:00:00.000+1100,67
2020-02-20T17:30:00.000+1100,54
2020-02-20T18:00:00.000+1100,25
2020-02-20T18:30:00.000+1100,16
2020-02-20T19:00:00.000+1100,7
2020-02-20T19:30:00.000+1100,9
2020-02-20T20:00:00.000+1100,14
2020-02-20T20:30:00.000+1100,14
2020-02-20T21:00:00.000+1100,8
2020-02-20T21:30:00.000+1100,7
2020-02-20T22:00:00.000+1100,6
2020-02-20T22:30:00.000+1100,5
2020-02-20T23:00:00.000+1100,1
2020-02-20T23:30:00.000+1100,5
2020-02-21T00:00:00.000+1100,66
2020-02-21T00:30:00.000+1100,68
2020-02-21T01:00:00.000+1100,48
2020-02-21T01:30:00.000+1100,6
2020-02-21T02:00:00.000+1100,5
2020-02-21T02:30:00.000+1100,110
2020-02-21T03:00:00.000+1100,5
2020-02-21T03:30:00.000+1100,7
2020-02-21T04:00:00.000+1100,42
2020-02-21T04:30:00.000+1100,11
2020-02-21T05:00:00.000+1100,9
2020-02-21T05:30:00.000+1100,4
2020-02-21T06:00:00.000+1100,14
2020-02-21T06:30:00.000+1100,8
2020-02-21T07:00:00.000+1100,10
2020-02-21T07:30:00.000+1100,42
2020-02-21T08:00:00.000+1100,43
2020-02-21T08:30:00.000+1100,61
2020-02-21T09:00:00.000+1100,123
2020-02-21T09:30:00.000+1100,120
2020-02-21T10:00:00.000+1100,115
2020-02-21T10:30:00.000+1100,125
2020-02-21T11:00:00.000+1100,139
2020-02-21T11:30:00.000+1100,110
2020-02-21T12:00:00.000+1100,195
2020-02-21T12:30:00.000+1100,197
2020-02-21T13:00:00.000+1100,173
2020-02-21T13:30:00.000+1100,74
2020-02-21T14:00:00.000+1100,118
2020-02-21T14:30:00.000+1100,50
2020-02-21T15:00:00.000+1100,56
2020-02-21T15:30:00.000+1100,49
2020-02-21T16:00:00.000+1100,75
2020-02-21T16:30:00.000+1100,91
2020-02-21T17:00:00.000+1100,51
2020-02-21T17:30:00.000+1100,47
2020-02-21T18:00:00.000+1100,26
2020-02-21T18:30:00.000+1100,15
2020-02-21T19:00:00.000+1100,7
2020-02-21T19:30:00.000+1100,7
2020-02-21T20:00:00.000+1100,8
2020-02-21T20:30:00.000+1100,6
2020-02-21T21:00:00.000+1100,7
2020-02-21T21:30:00.000+1100,6
2020-02-21T22:00:00.000+1100,6
2020-02-21T22:30:00.000+1100,6
2020-02-21T23:00:00.000+1100,5
2020-02-21T23:30:00.000+1100,5
2020-02-22T00:00:00.000+1100,29
2020-02-22T00:30:00.000+1100,6
2020-02-22T01:00:00.000+1100,48
2020-02-22T01:30:00.000+1100,5
2020-02-22T02:00:00.000+1100,8
2020-02-22T02:30:00.000+1100,6
2020-02-22T03:00:00.000+1100,7
2020-02-22T03:30:00.000+1100,5
2020-02-22T04:00:00.000+1100,48
2020-02-22T04:30:00.000+1100,7
2020-02-22T05:00:00.000+1100,4
2020-02-22T05:30:00.000+1100,6
2020-02-22T06:00:00.000+1100,32
2020-02-22T06:30:00.000+1100,5
2020-02-22T07:00:00.000+1100,6
2020-02-22T07:30:00.000+1100,7
2020-02-22T08:00:00.000+1100,8
2020-02-22T08:30:00.000+1100,9
2020-02-22T09:00:00.000+1100,33
2020-02-22T09:30:00.000+1100,12
2020-02-22T10:00:00.000+1100,27
2020-02-22T10:30:00.000+1100,26
2020-02-22T11:00:00.000+1100,27
2020-02-22T11:30:00.000+1100,25
2020-02-22T12:00:00.000+1100,27
2020-02-22T12:30:00.000+1100,11
2020-02-22T13:00:00.000+1100,18
2020-02-22T13:30:00.000+1100,28
2020-02-22T14:00:00.000+1100,25
2020-02-22T14:30:00.000+1100,55
2020-02-22T15:00:00.000+1100,34
2020-02-22T15:30:00.000+1100,30
2020-02-22T16:00:00.000+1100,33
2020-02-22T16:30:00.000+1100,41
2020-02-22T17:00:00.000+1100,42
2020-02-22T17:30:00.000+1100,18
2020-02-22T18:00:00.000+1100,14
2020-02-22T18:30:00.000+1100,10
2020-02-22T19:00:00.000+1100,10
2020-02-22T19:30:00.000+1100,9
2020-02-22T20:00:00.000+1100,9
2020-02-22T20:30:00.000+1100,10
2020-02-22T21:00:00.000+1100,8
2020-02-22T21:30:00.000+1100,9
2020-02-22T22:00:00.000+1100,8
2020-02-22T22:30:00.000+1100,8
2020-02-22T23:00:00.000+1100,7
2020-02-22T23:30:00.000+1100,7
2020-02-23T00:00:00.000+1100,11
2020-02-23T00:30:00.000+1100,8
2020-02-23T01:00:00.000+1100,21
2020-02-23T01:30:00.000+1100,8
2020-02-23T02:00:00.000+1100,9
2020-02-23T02:30:00.000+1100,8
2020-02-23T03:00:00.000+1100,8
2020-02-23T03:30:00.000+1100,8
2020-02-23T04:00:00.000+1100,17
2020-02-23T04:30:00.000+1100,28
2020-02-23T05:00:00.000+1100,3
2020-02-23T05:30:00.000+1100,11
2020-02-23T06:00:00.000+1100,36
2020-02-23T06:30:00.000+1100,30
2020-02-23T07:00:00.000+1100,7
2020-02-23T07:30:00.000+1100,7
2020-02-23T08:00:00.000+1100,7
2020-02-23T08:30:00.000+1100,12
2020-02-23T09:00:00.000+1100,8
2020-02-23T09:30:00.000+1100,47
2020-02-23T10:00:00.000+1100,12
2020-02-23T10:30:00.000+1100,12
2020-02-23T11:00:00.000+1100,10
2020-02-23T11:30:00.000+1100,16
2020-02-23T12:00:00.000+1100,17
2020-02-23T12:30:00.000+1100,13
2020-02-23T13:00:00.000+1100,18
2020-02-23T13:30:00.000+1100,11
2020-02-23T14:00:00.000+1100,12
2020-02-23T14:30:00.000+1100,18
2020-02-23T15:00:00.000+1100,12
2020-02-23T15:30:00.000+1100,13
2020-02-23T16:00:00.000+1100,10
2020-02-23T16:30:00.000+1100,11
2020-02-23T17:00:00.000+1100,13
2020-02-23T17:30:00.000+1100,11
2020-02-23T18:00:00.000+1100,11
2020-02-23T18:30:00.000+1100,10
2020-02-23T19:00:00.000+1100,8
2020-02-23T19:30:00.000+1100,9
2020-02-23T20:00:00.000+1100,9
2020-02-23T20:30:00.000+1100,9
2020-02-23T21:00:00.000+1100,12
2020-02-23T21:30:00.000+1100,7
2020-02-23T22:00:00.000+1100,7
2020-02-23T22:30:00.000+1100,7
2020-02-23T23:00:00.000+1100,7
2020-02-23T23:30:00.000+1100,7
2020-02-24T00:00:00.000+1100,38
2020-02-24T00:30:00.000+1100,45
2020-02-24T01:00:00.000+1100,46
2020-02-24T01:30:00.000+1100,74
2020-02-24T02:00:00.000+1100,7
2020-02-24T02:30:00.000+1100,7
2020-02-24T03:00:00.000+1100,7
2020-02-24T03:30:00.000+1100,11
2020-02-24T04:00:00.000+1100,53
2020-02-24T04:30:00.000+1100,96
2020-02-24T05:00:00.000+1100,5
2020-02-24T05:30:00.000+1100,4
2020-02-24T06:00:00.000+1100,38
2020-02-24T06:30:00.000+1100,12
2020-02-24T07:00:00.000+1100,13
2020-02-24T07:30:00.000+1100,30
2020-02-24T08:00:00.000+1100,48
2020-02-24T08:30:00.000+1100,45
2020-02-24T09:00:00.000+1100,67
2020-02-24T09:30:00.000+1100,98
2020-02-24T10:00:00.000+1100,69
2020-02-24T10:30:00.000+1100,111
2020-02-24T11:00:00.000+1100,118
2020-02-24T11:30:00.000+1100,142
2020-02-24T12:00:00.000+1100,174
2020-02-24T12:30:00.000+1100,181
2020-02-24T13:00:00.000+1100,170
2020-02-24T13:30:00.000+1100,134
2020-02-24T14:00:00.000+1100,146
2020-02-24T14:30:00.000+1100,173
2020-02-24T15:00:00.000+1100,111
2020-02-24T15:30:00.000+1100,105
2020-02-24T16:00:00.000+1100,86
2020-02-24T16:30:00.000+1100,101
2020-02-24T17:00:00.000+1100,53
2020-02-24T17:30:00.000+1100,86
2020-02-24T18:00:00.000+1100,48
2020-02-24T18:30:00.000+1100,35
2020-02-24T19:00:00.000+1100,16
2020-02-24T19:30:00.000+1100,13
2020-02-24T20:00:00.000+1100,12
2020-02-24T20:30:00.000+1100,7
2020-02-24T21:00:00.000+1100,10
2020-02-24T21:30:00.000+1100,9
2020-02-24T22:00:00.000+1100,8
2020-02-24T22:30:00.000+1100,7
2020-02-24T23:00:00.000+1100,7
2020-02-24T23:30:00.000+1100,7
2020-02-25T00:00:00.000+1100,55
2020-02-25T00:30:00.000+1100,8
2020-02-25T01:00:00.000+1100,9
2020-02-25T01:30:00.000+1100,7
2020-02-25T02:00:00.000+1100,9
2020-02-25T02:30:00.000+1100,34
2020-02-25T03:00:00.000+1100,6
2020-02-25T03:30:00.000+1100,8
2020-02-25T04:00:00.000+1100,61
2020-02-25T04:30:00.000+1100,150
2020-02-25T05:00:00.000+1100,45
2020-02-25T05:30:00.000+1100,6
2020-02-25T06:00:00.000+1100,32
2020-02-25T06:30:00.000+1100,14
2020-02-25T07:00:00.000+1100,18
2020-02-25T07:30:00.000+1100,48
2020-02-25T08:00:00.000+1100,112
2020-02-25T08:30:00.000+1100,22
2020-02-25T09:00:00.000+1100,147
2020-02-25T09:30:00.000+1100,155
2020-02-25T10:00:00.000+1100,176
2020-02-25T10:30:00.000+1100,113
2020-02-25T11:00:00.000+1100,131
2020-02-25T11:30:00.000+1100,168
2020-02-25T12:00:00.000+1100,195
2020-02-25T12:30:00.000+1100,163
2020-02-25T13:00:00.000+1100,180
2020-02-25T13:30:00.000+1100,116
2020-02-25T14:00:00.000+1100,112
2020-02-25T14:30:00.000+1100,144
2020-02-25T15:00:00.000+1100,91
2020-02-25T15:30:00.000+1100,144
2020-02-25T16:00:00.000+1100,94
2020-02-25T16:30:00.000+1100,140
2020-02-25T17:00:00.000+1100,120
2020-02-25T17:30:00.000+1100,96
2020-02-25T18:00:00.000+1100,98
2020-02-25T18:30:00.000+1100,74
2020-02-25T19:00:00.000+1100,47
2020-02-25T19:30:00.000+1100,36
2020-02-25T20:00:00.000+1100,33
2020-02-25T20:30:00.000+1100,6
2020-02-25T21:00:00.000+1100,9
2020-02-25T21:30:00.000+1100,9
2020-02-25T22:00:00.000+1100,7
2020-02-25T22:30:00.000+1100,8
2020-02-25T23:00:00.000+1100,10
2020-02-25T23:30:00.000+1100,7
2020-02-26T00:00:00.000+1100,9
2020-02-26T00:30:00.000+1100,34
2020-02-26T01:00:00.000+1100,42
2020-02-26T01:30:00.000+1100,8
2020-02-26T02:00:00.000+1100,17
2020-02-26T02:30:00.000+1100,14
2020-02-26T03:00:00.000+1100,8
2020-02-26T03:30:00.000+1100,21
2020-02-26T04:00:00.000+1100,92
2020-02-26T04:30:00.000+1100,7
2020-02-26T05:00:00.000+1100,3
2020-02-26T05:30:00.000+1100,4
2020-02-26T06:00:00.000+1100,57
2020-02-26T06:30:00.000+1100,67
2020-02-26T07:00:00.000+1100,38
2020-02-26T07:30:00.000+1100,29
2020-02-26T08:00:00.000+1100,251
2020-02-26T08:30:00.000+1100,105
2020-02-26T09:00:00.000+1100,82
2020-02-26T09:30:00.000+1100,81
2020-02-26T10:00:00.000+1100,105
2020-02-26T10:30:00.000+1100,169
2020-02-26T11:00:00.000+1100,179
2020-02-26T11:30:00.000+1100,176
2020-02-26T12:00:00.000+1100,180
2020-02-26T12:30:00.000+1100,214
2020-02-26T13:00:00.000+1100,213
2020-02-26T13:30:00.000+1100,141
2020-02-26T14:00:00.000+1100,170
2020-02-26T14:30:00.000+1100,138
2020-02-26T15:00:00.000+1100,142
2020-02-26T15:30:00.000+1100,176
2020-02-26T16:00:00.000+1100,150
2020-02-26T16:30:00.000+1100,89
2020-02-26T17:00:00.000+1100,130
2020-02-26T17:30:00.000+1100,94
2020-02-26T18:00:00.000+1100,45
2020-02-26T18:30:00.000+1100,25
2020-02-26T19:00:00.000+1100,14
2020-02-26T19:30:00.000+1100,13
2020-02-26T20:00:00.000+1100,15
2020-02-26T20:30:00.000+1100,9
2020-02-26T21:00:00.000+1100,8
2020-02-26T21:30:00.000+1100,9
2020-02-26T22:00:00.000+1100,7
2020-02-26T22:30:00.000+1100,6
2020-02-26T23:00:00.000+1100,6
2020-02-26T23:30:00.000+1100,6
2020-02-27T00:00:00.000+1100,7
2020-02-27T00:30:00.000+1100,6
2020-02-27T01:00:00.000+1100,63
2020-02-27T01:30:00.000+1100,6
2020-02-27T02:00:00.000+1100,6
2020-02-27T02:30:00.000+1100,6
2020-02-27T03:00:00.000+1100,56
2020-02-27T03:30:00.000+1100,9
2020-02-27T04:00:00.000+1100,8
2020-02-27T04:30:00.000+1100,57
2020-02-27T05:00:00.000+1100,3
2020-02-27T05:30:00.000+1100,3
2020-02-27T06:00:00.000+1100,39
2020-02-27T06:30:00.000+1100,8
2020-02-27T07:00:00.000+1100,10
2020-02-27T07:30:00.000+1100,24
2020-02-27T08:00:00.000+1100,92
2020-02-27T08:30:00.000+1100,35
2020-02-27T09:00:00.000+1100,83
2020-02-27T09:30:00.000+1100,58
2020-02-27T10:00:00.000+1100,50
2020-02-27T10:30:00.000+1100,55
2020-02-27T11:00:00.000+1100,126
2020-02-27T11:30:00.000+1100,128
2020-02-27T12:00:00.000+1100,113
2020-02-27T12:30:00.000+1100,191
2020-02-27T13:00:00.000+1100,6
2020-02-27T13:30:00.000+1100,154
2020-02-27T14:00:00.000+1100,106
2020-02-27T14:30:00.000+1100,104
2020-02-27T15:00:00.000+1100,142
2020-02-27T15:30:00.000+1100,160
2020-02-27T16:00:00.000+1100,173
2020-02-27T16:30:00.000+1100,158
2020-02-27T17:00:00.000+1100,172
2020-02-27T17:30:00.000+1100,144
2020-02-27T18:00:00.000+1100,134
2020-02-27T18:30:00.000+1100,65
2020-02-27T19:00:00.000+1100,73
2020-02-27T19:30:00.000+1100,72
2020-02-27T20:00:00.000+1100,61
2020-02-27T20:30:00.000+1100,63
2020-02-27T21:00:00.000+1100,59
2020-02-27T21:30:00.000+1100,19
2020-02-27T22:00:00.000+1100,12
2020-02-27T22:30:00.000+1100,7
2020-02-27T23:00:00.000+1100,8
2020-02-27T23:30:00.000+1100,9
2020-02-28T00:00:00.000+1100,21
2020-02-28T00:30:00.000+1100,7
2020-02-28T01:00:00.000+1100,46
2020-02-28T01:30:00.000+1100,8
2020-02-28T02:00:00.000+1100,6
2020-02-28T02:30:00.000+1100,6
2020-02-28T03:00:00.000+1100,6
2020-02-28T03:30:00.000+1100,7
2020-02-28T04:00:00.000+1100,40
2020-02-28T04:30:00.000+1100,6
2020-02-28T05:00:00.000+1100,3
2020-02-28T05:30:00.000+1100,9
2020-02-28T06:00:00.000+1100,37
2020-02-28T06:30:00.000+1100,18
2020-02-28T07:00:00.000+1100,14
2020-02-28T07:30:00.000+1100,27
2020-02-28T08:00:00.000+1100,35
2020-02-28T08:30:00.000+1100,60
2020-02-28T09:00:00.000+1100,70
2020-02-28T09:30:00.000+1100,74
2020-02-28T10:00:00.000+1100,73
2020-02-28T10:30:00.000+1100,94
2020-02-28T11:00:00.000+1100,143
2020-02-28T11:30:00.000+1100,201
2020-02-28T12:00:00.000+1100,210
2020-02-28T12:30:00.000+1100,214
2020-02-28T13:00:00.000+1100,194
2020-02-28T13:30:00.000+1100,166
2020-02-28T14:00:00.000+1100,157
2020-02-28T14:30:00.000+1100,148
2020-02-28T15:00:00.000+1100,112
2020-02-28T15:30:00.000+1100,116
2020-02-28T16:00:00.000+1100,139
2020-02-28T16:30:00.000+1100,147
2020-02-28T17:00:00.000+1100,139
2020-02-28T17:30:00.000+1100,101
2020-02-28T18:00:00.000+1100,74
2020-02-28T18:30:00.000+1100,12
2020-02-28T19:00:00.000+1100,10
2020-02-28T19:30:00.000+1100,9
2020-02-28T20:00:00.000+1100,9
2020-02-28T20:30:00.000+1100,11
2020-02-28T21:00:00.000+1100,10
2020-02-28T21:30:00.000+1100,8
2020-02-28T22:00:00.000+1100,7
2020-02-28T22:30:00.000+1100,7
2020-02-28T23:00:00.000+1100,6
2020-02-28T23:30:00.000+1100,8
2020-02-29T00:00:00.000+1100,8
2020-02-29T00:30:00.000+1100,7
2020-02-29T01:00:00.000+1100,48
2020-02-29T01:30:00.000+1100,7
2020-02-29T02:00:00.000+1100,6
2020-02-29T02:30:00.000+1100,6
2020-02-29T03:00:00.000+1100,7
2020-02-29T03:30:00.000+1100,7
2020-02-29T04:00:00.000+1100,37
2020-02-29T04:30:00.000+1100,8
2020-02-29T05:00:00.000+1100,1
2020-02-29T05:30:00.000+1100,2
2020-02-29T06:00:00.000+1100,43
2020-02-29T06:30:00.000+1100,7
2020-02-29T07:00:00.000+1100,7
2020-02-29T07:30:00.000+1100,7
2020-02-29T08:00:00.000+1100,8
2020-02-29T08:30:00.000+1100,7
2020-02-29T09:00:00.000+1100,10
2020-02-29T09:30:00.000+1100,14
2020-02-29T10:00:00.000+1100,15
2020-02-29T10:30:00.000+1100,13
2020-02-29T11:00:00.000+1100,17
2020-02-29T11:30:00.000+1100,18
2020-02-29T12:00:00.000+1100,17
2020-02-29T12:30:00.000+1100,15
2020-02-29T13:00:00.000+1100,22
2020-02-29T13:30:00.000+1100,25
2020-02-29T14:00:00.000+1100,28
2020-02-29T14:30:00.000+1100,37
2020-02-29T15:00:00.000+1100,37
2020-02-29T15:30:00.000+1100,35
2020-02-29T16:00:00.000+1100,30
2020-02-29T16:30:00.000+1100,53
2020-02-29T17:00:00.000+1100,24
2020-02-29T17:30:00.000+1100,12
2020-02-29T18:00:00.000+1100,12
2020-02-29T18:30:00.000+1100,13
2020-02-29T19:00:00.000+1100,18
2020-02-29T19:30:00.000+1100,8
2020-02-29T20:00:00.000+1100,7
2020-02-29T20:30:00.000+1100,7
2020-02-29T21:00:00.000+1100,7
2020-02-29T21:30:00.000+1100,9
2020-02-29T22:00:00.000+1100,7
2020-02-29T22:30:00.000+1100,7
2020-02-29T23:00:00.000+1100,7
2020-02-29T23:30:00.000+1100,8
2020-03-09T15:00:00.000+1100,0
